i,s_vh,station,phase,x,y_height,z,yaw,pitch,fov,shutter_bottom,stage_angle_deg,wall_ahead_m,gaze_meets_wall
0,0.00,hero,dwell,0.700,1.4500,3.450,6.00,1.00,60.00,1.260,6.0,3.42,shutter
1,1.45,hero,dwell,0.700,1.4500,3.450,6.00,1.00,60.00,1.260,6.0,3.42,shutter
2,2.91,hero,dwell,0.700,1.4500,3.450,6.00,1.00,60.00,1.260,6.0,3.42,shutter
3,4.36,hero,dwell,0.700,1.4500,3.450,6.00,1.00,60.00,1.260,6.0,3.42,shutter
4,5.81,hero,dwell,0.700,1.4500,3.450,6.00,1.00,60.00,1.260,6.0,3.42,shutter
5,7.27,hero,dwell,0.700,1.4500,3.450,6.00,1.00,60.00,1.260,6.0,3.42,shutter
6,8.72,hero,dwell,0.700,1.4500,3.450,6.00,1.00,60.00,1.260,6.0,3.42,shutter
7,10.18,hero,dwell,0.700,1.4500,3.449,6.00,1.00,60.00,1.260,6.0,3.42,shutter
8,11.63,hero,dwell,0.700,1.4500,3.449,6.00,1.00,60.00,1.260,6.0,3.42,shutter
9,13.08,hero,dwell,0.700,1.4500,3.449,6.00,1.00,60.00,1.260,6.0,3.42,shutter
10,14.54,hero,dwell,0.700,1.4500,3.449,5.99,1.00,60.00,1.260,6.0,3.42,shutter
11,15.99,hero,dwell,0.700,1.4500,3.449,5.99,1.00,60.00,1.260,6.0,3.42,shutter
12,17.44,hero,dwell,0.700,1.4500,3.448,5.99,1.00,60.00,1.260,6.0,3.42,shutter
13,18.90,hero,dwell,0.700,1.4500,3.448,5.99,1.00,60.00,1.260,6.0,3.42,shutter
14,20.35,hero,dwell,0.700,1.4500,3.448,5.99,1.00,60.00,1.260,6.0,3.42,shutter
15,21.80,hero,dwell,0.700,1.4500,3.447,5.99,1.00,60.00,1.260,6.0,3.42,shutter
16,23.26,hero,dwell,0.700,1.4500,3.447,5.98,1.00,60.00,1.260,6.0,3.42,shutter
17,24.71,hero,dwell,0.700,1.4500,3.447,5.98,1.00,60.00,1.260,6.0,3.42,shutter
18,26.17,hero,dwell,0.700,1.4500,3.446,5.98,1.00,60.00,1.260,6.0,3.41,shutter
19,27.62,hero,dwell,0.700,1.4500,3.446,5.98,1.00,60.00,1.260,6.0,3.41,shutter
20,29.07,hero,dwell,0.700,1.4500,3.445,5.98,1.00,60.00,1.260,6.0,3.41,shutter
21,30.53,hero,dwell,0.700,1.4500,3.445,5.97,1.00,60.00,1.260,6.0,3.41,shutter
22,31.98,hero,dwell,0.700,1.4500,3.444,5.97,1.00,60.00,1.260,6.0,3.41,shutter
23,33.43,hero,dwell,0.700,1.4500,3.444,5.97,1.00,60.00,1.260,6.0,3.41,shutter
24,34.89,hero,dwell,0.700,1.4500,3.443,5.97,1.00,60.00,1.260,6.0,3.41,shutter
25,36.34,hero,dwell,0.700,1.4500,3.443,5.96,1.00,60.00,1.260,6.0,3.41,shutter
26,37.79,hero,dwell,0.700,1.4500,3.442,5.96,1.00,60.00,1.260,6.0,3.41,shutter
27,39.25,hero,dwell,0.700,1.4500,3.442,5.96,1.00,60.00,1.260,6.0,3.41,shutter
28,40.70,hero,dwell,0.700,1.4500,3.441,5.96,1.00,60.00,1.260,6.0,3.41,shutter
29,42.16,hero,dwell,0.700,1.4500,3.440,5.95,1.00,60.00,1.260,6.0,3.41,shutter
30,43.61,hero,dwell,0.700,1.4500,3.440,5.95,1.00,60.00,1.260,5.9,3.41,shutter
31,45.06,hero,dwell,0.700,1.4500,3.439,5.95,1.00,60.00,1.260,5.9,3.41,shutter
32,46.52,hero,dwell,0.700,1.4500,3.439,5.94,1.00,60.00,1.260,5.9,3.41,shutter
33,47.97,hero,dwell,0.700,1.4500,3.438,5.94,1.00,60.00,1.260,5.9,3.41,shutter
34,49.42,hero,dwell,0.700,1.4500,3.437,5.94,1.00,60.00,1.260,5.9,3.41,shutter
35,50.88,hero,dwell,0.700,1.4500,3.437,5.93,1.00,60.00,1.260,5.9,3.40,shutter
36,52.33,hero,dwell,0.700,1.4500,3.436,5.93,1.00,60.00,1.260,5.9,3.40,shutter
37,53.78,hero,dwell,0.700,1.4500,3.435,5.93,1.00,60.00,1.260,5.9,3.40,shutter
38,55.24,hero,dwell,0.700,1.4500,3.435,5.92,1.00,60.00,1.260,5.9,3.40,shutter
39,56.69,hero,dwell,0.700,1.4500,3.434,5.92,1.00,60.00,1.260,5.9,3.40,shutter
40,58.15,hero,dwell,0.700,1.4500,3.433,5.92,1.00,60.00,1.260,5.9,3.40,shutter
41,59.60,hero,dwell,0.700,1.4500,3.433,5.91,1.00,60.00,1.260,5.9,3.40,shutter
42,61.05,hero,dwell,0.700,1.4500,3.432,5.91,1.00,60.00,1.260,5.9,3.40,shutter
43,62.51,hero,dwell,0.700,1.4500,3.431,5.91,1.00,60.00,1.260,5.9,3.40,shutter
44,63.96,hero,dwell,0.700,1.4500,3.431,5.90,1.00,60.00,1.260,5.9,3.40,shutter
45,65.41,hero,dwell,0.700,1.4500,3.430,5.90,1.00,60.00,1.260,5.9,3.40,shutter
46,66.87,hero,dwell,0.700,1.4500,3.429,5.90,1.00,60.00,1.260,5.9,3.40,shutter
47,68.32,hero,dwell,0.700,1.4500,3.428,5.89,1.00,60.00,1.260,5.9,3.40,shutter
48,69.77,hero,dwell,0.700,1.4500,3.428,5.89,1.00,60.00,1.260,5.9,3.40,shutter
49,71.23,hero,dwell,0.700,1.4500,3.427,5.89,1.00,60.00,1.260,5.9,3.39,shutter
50,72.68,hero,dwell,0.700,1.4500,3.426,5.88,1.00,60.00,1.260,5.9,3.39,shutter
51,74.14,hero,dwell,0.700,1.4500,3.426,5.88,1.00,60.00,1.260,5.9,3.39,shutter
52,75.59,hero,dwell,0.700,1.4500,3.425,5.87,1.00,60.00,1.260,5.9,3.39,shutter
53,77.04,hero,dwell,0.700,1.4500,3.424,5.87,1.00,60.00,1.260,5.9,3.39,shutter
54,78.50,hero,dwell,0.700,1.4500,3.424,5.87,1.00,60.00,1.260,5.9,3.39,shutter
55,79.95,hero,dwell,0.700,1.4500,3.423,5.86,1.00,60.00,1.260,5.9,3.39,shutter
56,81.40,hero,dwell,0.700,1.4500,3.422,5.86,1.00,60.00,1.260,5.9,3.39,shutter
57,82.86,hero,dwell,0.700,1.4500,3.422,5.86,1.00,60.00,1.260,5.9,3.39,shutter
58,84.31,hero,dwell,0.700,1.4500,3.421,5.86,1.00,60.00,1.260,5.9,3.39,shutter
59,85.76,hero,dwell,0.700,1.4500,3.420,5.85,1.00,60.00,1.260,5.9,3.39,shutter
60,87.22,hero,dwell,0.700,1.4500,3.420,5.85,1.00,60.00,1.260,5.8,3.39,shutter
61,88.67,hero,dwell,0.700,1.4500,3.419,5.85,1.00,60.00,1.260,5.8,3.39,shutter
62,90.13,hero,dwell,0.700,1.4500,3.419,5.84,1.00,60.00,1.260,5.8,3.39,shutter
63,91.58,hero,dwell,0.700,1.4500,3.418,5.84,1.00,60.00,1.260,5.8,3.39,shutter
64,93.03,hero,dwell,0.700,1.4500,3.417,5.84,1.00,60.00,1.260,5.8,3.39,shutter
65,94.49,hero,dwell,0.700,1.4500,3.417,5.83,1.00,60.00,1.260,5.8,3.38,shutter
66,95.94,hero,dwell,0.700,1.4500,3.416,5.83,1.00,60.00,1.260,5.8,3.38,shutter
67,97.39,hero,dwell,0.700,1.4500,3.416,5.83,1.00,60.00,1.260,5.8,3.38,shutter
68,98.85,hero,dwell,0.700,1.4500,3.415,5.83,1.00,60.00,1.260,5.8,3.38,shutter
69,100.30,hero,dwell,0.700,1.4500,3.415,5.82,1.00,60.00,1.260,5.8,3.38,shutter
70,101.75,hero,dwell,0.700,1.4500,3.414,5.82,1.00,60.00,1.260,5.8,3.38,shutter
71,103.21,hero,dwell,0.700,1.4500,3.414,5.82,1.00,60.00,1.260,5.8,3.38,shutter
72,104.66,hero,dwell,0.700,1.4500,3.414,5.82,1.00,60.00,1.260,5.8,3.38,shutter
73,106.12,hero,dwell,0.700,1.4500,3.413,5.82,1.00,60.00,1.260,5.8,3.38,shutter
74,107.57,hero,dwell,0.700,1.4500,3.413,5.81,1.00,60.00,1.260,5.8,3.38,shutter
75,109.02,hero,dwell,0.700,1.4500,3.413,5.81,1.00,60.00,1.260,5.8,3.38,shutter
76,110.48,hero,dwell,0.700,1.4500,3.412,5.81,1.00,60.00,1.260,5.8,3.38,shutter
77,111.93,hero,dwell,0.700,1.4500,3.412,5.81,1.00,60.00,1.260,5.8,3.38,shutter
78,113.38,hero,dwell,0.700,1.4500,3.412,5.81,1.00,60.00,1.260,5.8,3.38,shutter
79,114.84,hero,dwell,0.700,1.4500,3.411,5.81,1.00,60.00,1.260,5.8,3.38,shutter
80,116.29,hero,dwell,0.700,1.4500,3.411,5.81,1.00,60.00,1.260,5.8,3.38,shutter
81,117.74,hero,dwell,0.700,1.4500,3.411,5.80,1.00,60.00,1.260,5.8,3.38,shutter
82,119.20,hero,dwell,0.700,1.4500,3.411,5.80,1.00,60.00,1.260,5.8,3.38,shutter
83,120.65,hero,dwell,0.700,1.4500,3.411,5.80,1.00,60.00,1.260,5.8,3.38,shutter
84,122.11,hero,dwell,0.700,1.4500,3.410,5.80,1.00,60.00,1.260,5.8,3.38,shutter
85,123.56,hero,dwell,0.700,1.4500,3.410,5.80,1.00,60.00,1.260,5.8,3.38,shutter
86,125.01,hero,dwell,0.700,1.4500,3.410,5.80,1.00,60.00,1.260,5.8,3.38,shutter
87,126.47,hero,dwell,0.700,1.4500,3.410,5.80,1.00,60.00,1.260,5.8,3.38,shutter
88,127.92,hero,dwell,0.700,1.4500,3.410,5.80,1.00,60.00,1.260,5.8,3.38,shutter
89,129.37,hero,dwell,0.700,1.4500,3.410,5.80,1.00,60.00,1.260,5.8,3.38,shutter
90,130.83,one,travel,0.700,1.4500,3.410,5.80,1.00,60.00,1.260,5.8,3.38,shutter
91,132.28,one,travel,0.699,1.4499,3.410,5.79,1.00,60.00,1.260,5.8,3.38,shutter
92,133.73,one,travel,0.697,1.4496,3.410,5.75,1.01,60.01,1.260,5.8,3.38,shutter
93,135.19,one,travel,0.692,1.4489,3.410,5.67,1.02,60.03,1.260,5.7,3.38,shutter
94,136.64,one,travel,0.684,1.4476,3.411,5.53,1.04,60.06,1.260,5.5,3.38,shutter
95,138.10,one,travel,0.671,1.4457,3.411,5.32,1.07,60.11,1.260,5.3,3.38,shutter
96,139.55,one,travel,0.653,1.4429,3.412,5.01,1.12,60.19,1.260,5.0,3.37,shutter
97,141.00,one,travel,0.628,1.4392,3.413,4.59,1.18,60.29,1.260,4.6,3.37,shutter
98,142.46,one,travel,0.596,1.4343,3.414,4.05,1.26,60.42,1.260,4.0,3.37,shutter
99,143.91,one,travel,0.555,1.4282,3.416,3.36,1.36,60.58,1.260,3.4,3.37,shutter
100,145.36,one,travel,0.504,1.4206,3.418,2.51,1.49,60.78,1.260,2.5,3.37,shutter
101,146.82,one,travel,0.443,1.4115,3.420,1.49,1.64,61.03,1.260,1.5,3.37,shutter
102,148.27,one,travel,0.371,1.4006,3.423,0.27,1.82,61.32,1.260,0.3,3.37,shutter
103,149.72,one,travel,0.286,1.3879,3.427,-1.16,2.04,61.66,1.260,1.2,3.38,shutter
104,151.18,one,travel,0.187,1.3731,3.431,-2.81,2.28,62.05,1.260,2.8,3.38,shutter
105,152.63,one,travel,0.092,1.3588,3.434,-4.41,2.52,62.43,1.260,4.4,3.39,shutter
106,154.09,one,travel,0.010,1.3466,3.438,-5.78,2.72,62.76,1.260,5.8,3.40,shutter
107,155.54,one,travel,-0.059,1.3361,3.440,-6.95,2.90,63.04,1.260,7.0,3.42,shutter
108,156.99,one,travel,-0.118,1.3274,3.443,-7.93,3.04,63.27,1.260,7.9,3.43,shutter
109,158.45,one,travel,-0.166,1.3202,3.445,-8.74,3.16,63.46,1.260,8.7,3.43,shutter
110,159.90,one,travel,-0.204,1.3143,3.446,-9.39,3.26,63.62,1.260,9.4,3.44,shutter
111,161.35,one,travel,-0.235,1.3098,3.447,-9.91,3.34,63.74,1.260,9.9,3.45,shutter
112,162.81,one,travel,-0.258,1.3063,3.448,-10.30,3.40,63.83,1.260,10.3,3.45,shutter
113,164.26,one,travel,-0.275,1.3038,3.449,-10.58,3.44,63.90,1.260,10.6,3.46,shutter
114,165.71,one,travel,-0.287,1.3020,3.449,-10.77,3.47,63.95,1.260,10.8,3.46,shutter
115,167.17,one,travel,-0.294,1.3009,3.450,-10.90,3.48,63.98,1.260,10.9,3.46,shutter
116,168.62,one,travel,-0.298,1.3003,3.450,-10.97,3.49,63.99,1.260,11.0,3.46,shutter
117,170.08,one,travel,-0.300,1.3001,3.450,-10.99,3.50,64.00,1.260,11.0,3.46,shutter
118,171.53,one,travel,-0.300,1.3000,3.450,-11.00,3.50,64.00,1.260,11.0,3.46,shutter
119,172.98,one,dwell,-0.300,1.3000,3.450,-11.00,3.50,64.00,1.260,11.0,3.46,shutter
120,174.44,one,dwell,-0.300,1.3000,3.450,-11.00,3.50,64.00,1.254,11.0,3.46,shutter
121,175.89,one,dwell,-0.300,1.3000,3.450,-11.00,3.50,64.00,1.234,11.0,3.46,shutter
122,177.34,one,dwell,-0.300,1.3000,3.450,-11.00,3.50,64.00,1.192,11.0,3.46,shutter
123,178.80,one,dwell,-0.300,1.3000,3.450,-11.00,3.50,64.00,1.119,11.0,3.46,shutter
124,180.25,one,dwell,-0.300,1.3000,3.449,-11.00,3.50,64.00,1.008,11.0,3.46,shutter
125,181.70,one,dwell,-0.300,1.3000,3.449,-11.00,3.50,64.00,0.850,11.0,3.46,shutter
126,183.16,one,dwell,-0.301,1.3000,3.449,-11.01,3.50,64.00,0.637,11.0,3.46,shutter
127,184.61,one,dwell,-0.301,1.3000,3.449,-11.01,3.50,64.00,0.421,11.0,3.46,shutter
128,186.07,one,dwell,-0.301,1.3000,3.449,-11.01,3.50,64.00,0.260,11.0,3.46,shutter
129,187.52,one,dwell,-0.301,1.3000,3.448,-11.01,3.50,64.00,0.146,11.0,3.46,shutter
130,188.97,one,dwell,-0.301,1.3000,3.448,-11.01,3.50,64.00,0.072,11.0,3.46,shutter
131,190.43,one,dwell,-0.302,1.3000,3.447,-11.02,3.50,64.00,0.028,11.0,3.46,shutter
132,191.88,one,dwell,-0.302,1.3000,3.447,-11.02,3.50,64.00,0.007,11.0,3.46,shutter
133,193.33,one,dwell,-0.302,1.3000,3.447,-11.02,3.50,64.00,0.001,11.0,3.46,shutter
134,194.79,one,dwell,-0.303,1.3000,3.446,-11.03,3.50,64.00,0.000,11.0,3.46,shutter
135,196.24,one,dwell,-0.303,1.3000,3.446,-11.03,3.50,64.00,0.000,11.0,3.46,shutter
136,197.69,one,dwell,-0.303,1.3000,3.445,-11.03,3.50,64.00,0.000,11.0,3.46,shutter
137,199.15,one,dwell,-0.304,1.3000,3.445,-11.04,3.50,64.00,0.000,11.0,3.46,shutter
138,200.60,one,dwell,-0.304,1.3000,3.444,-11.04,3.50,64.00,0.000,11.0,3.46,shutter
139,202.06,one,dwell,-0.304,1.3000,3.444,-11.04,3.50,64.00,0.000,11.0,3.46,shutter
140,203.51,one,dwell,-0.305,1.3000,3.443,-11.05,3.50,64.00,0.000,11.0,3.46,shutter
141,204.96,one,dwell,-0.305,1.3000,3.442,-11.05,3.50,64.00,0.000,11.1,3.46,shutter
142,206.42,one,dwell,-0.305,1.3000,3.442,-11.05,3.50,64.00,0.000,11.1,3.46,shutter
143,207.87,one,dwell,-0.306,1.3000,3.441,-11.06,3.50,64.00,0.000,11.1,3.46,shutter
144,209.32,one,dwell,-0.306,1.3000,3.440,-11.06,3.50,64.00,0.000,11.1,3.45,shutter
145,210.78,one,dwell,-0.307,1.3000,3.440,-11.07,3.50,64.00,0.000,11.1,3.45,shutter
146,212.23,one,dwell,-0.307,1.3000,3.439,-11.07,3.50,64.00,0.000,11.1,3.45,shutter
147,213.68,one,dwell,-0.308,1.3000,3.438,-11.08,3.50,64.00,0.000,11.1,3.45,shutter
148,215.14,one,dwell,-0.308,1.3000,3.438,-11.08,3.50,64.00,0.000,11.1,3.45,shutter
149,216.59,one,dwell,-0.309,1.3000,3.437,-11.09,3.50,64.00,0.000,11.1,3.45,shutter
150,218.05,one,dwell,-0.309,1.3000,3.436,-11.09,3.50,64.00,0.000,11.1,3.45,shutter
151,219.50,one,dwell,-0.310,1.3000,3.436,-11.10,3.50,64.00,0.000,11.1,3.45,shutter
152,220.95,one,dwell,-0.310,1.3000,3.435,-11.10,3.50,64.00,0.000,11.1,3.45,shutter
153,222.41,one,dwell,-0.310,1.3000,3.434,-11.10,3.50,64.00,0.000,11.1,3.45,shutter
154,223.86,one,dwell,-0.311,1.3000,3.434,-11.11,3.50,64.00,0.000,11.1,3.45,shutter
155,225.31,one,dwell,-0.311,1.3000,3.433,-11.11,3.50,64.00,0.000,11.1,3.45,shutter
156,226.77,one,dwell,-0.312,1.3000,3.432,-11.12,3.50,64.00,0.000,11.1,3.45,shutter
157,228.22,one,dwell,-0.312,1.3000,3.432,-11.12,3.50,64.00,0.000,11.1,3.45,shutter
158,229.67,one,dwell,-0.313,1.3000,3.431,-11.13,3.50,64.00,0.000,11.1,3.45,shutter
159,231.13,one,dwell,-0.313,1.3000,3.430,-11.13,3.50,64.00,0.000,11.1,3.45,shutter
160,232.58,one,dwell,-0.314,1.3000,3.430,-11.14,3.50,64.00,0.002,11.1,3.44,shutter
161,234.04,one,dwell,-0.314,1.3000,3.429,-11.14,3.50,64.00,0.011,11.1,3.44,shutter
162,235.49,one,dwell,-0.314,1.3000,3.428,-11.14,3.50,64.00,0.032,11.1,3.44,shutter
163,236.94,one,dwell,-0.315,1.3000,3.428,-11.15,3.50,64.00,0.073,11.1,3.44,shutter
164,238.40,one,dwell,-0.315,1.3000,3.427,-11.15,3.50,64.00,0.138,11.2,3.44,shutter
165,239.85,one,dwell,-0.316,1.3000,3.426,-11.16,3.50,64.00,0.233,11.2,3.44,shutter
166,241.30,one,dwell,-0.316,1.3000,3.426,-11.16,3.50,64.00,0.365,11.2,3.44,shutter
167,242.76,one,dwell,-0.316,1.3000,3.425,-11.16,3.50,64.00,0.538,11.2,3.44,shutter
168,244.21,one,dwell,-0.317,1.3000,3.425,-11.17,3.50,64.00,0.744,11.2,3.44,shutter
169,245.66,one,dwell,-0.317,1.3000,3.424,-11.17,3.50,64.00,0.912,11.2,3.44,shutter
170,247.12,one,dwell,-0.317,1.3000,3.424,-11.17,3.50,64.00,1.039,11.2,3.44,shutter
171,248.57,one,dwell,-0.318,1.3000,3.423,-11.18,3.50,64.00,1.131,11.2,3.44,shutter
172,250.03,one,dwell,-0.318,1.3000,3.423,-11.18,3.50,64.00,1.193,11.2,3.44,shutter
173,251.48,one,dwell,-0.318,1.3000,3.423,-11.18,3.50,64.00,1.231,11.2,3.44,shutter
174,252.93,one,dwell,-0.319,1.3000,3.422,-11.19,3.50,64.00,1.251,11.2,3.44,shutter
175,254.39,one,dwell,-0.319,1.3000,3.422,-11.19,3.50,64.00,1.259,11.2,3.44,shutter
176,255.84,one,dwell,-0.319,1.3000,3.422,-11.19,3.50,64.00,1.260,11.2,3.44,shutter
177,257.29,one,dwell,-0.319,1.3000,3.421,-11.19,3.50,64.00,1.260,11.2,3.44,shutter
178,258.75,one,dwell,-0.319,1.3000,3.421,-11.19,3.50,64.00,1.260,11.2,3.44,shutter
179,260.20,one,dwell,-0.320,1.3000,3.421,-11.20,3.50,64.00,1.260,11.2,3.44,shutter
180,261.65,one,dwell,-0.320,1.3000,3.421,-11.20,3.50,64.00,1.260,11.2,3.44,shutter
181,263.11,one,dwell,-0.320,1.3000,3.420,-11.20,3.50,64.00,1.260,11.2,3.44,shutter
182,264.56,one,dwell,-0.320,1.3000,3.420,-11.20,3.50,64.00,1.260,11.2,3.44,shutter
183,266.02,one,dwell,-0.320,1.3000,3.420,-11.20,3.50,64.00,1.260,11.2,3.44,shutter
184,267.47,one,dwell,-0.320,1.3000,3.420,-11.20,3.50,64.00,1.260,11.2,3.44,shutter
185,268.92,one,dwell,-0.320,1.3000,3.420,-11.20,3.50,64.00,1.260,11.2,3.44,shutter
186,270.38,wordless,travel,-0.320,1.3000,3.420,-11.19,3.50,64.00,1.260,11.2,3.44,shutter
187,271.83,wordless,travel,-0.320,1.3000,3.420,-10.01,3.50,64.00,1.260,10.0,3.42,shutter
188,273.28,wordless,travel,-0.320,1.3000,3.420,-4.30,3.49,63.98,1.260,4.3,3.38,shutter
189,274.74,wordless,travel,-0.320,1.3000,3.420,8.93,3.47,63.95,1.260,8.9,3.41,shutter
190,276.19,wordless,travel,-0.320,1.3000,3.420,18.54,3.43,63.88,1.260,18.5,3.55,shutter
191,277.64,wordless,travel,-0.320,1.3000,3.420,21.70,3.37,63.78,1.260,21.7,3.68,pier-left
192,279.10,wordless,travel,-0.320,1.3000,3.420,22.00,3.29,63.62,1.260,22.0,3.69,pier-left
193,280.55,wordless,travel,-0.320,1.3000,3.420,22.00,3.17,63.41,2.139,22.0,3.69,pier-left
194,282.01,wordless,travel,-0.320,1.3000,3.420,22.00,3.01,63.13,2.360,22.0,3.69,pier-left
195,283.46,wordless,travel,-0.320,1.3000,3.420,22.00,2.81,62.78,2.395,22.0,3.69,pier-left
196,284.91,wordless,travel,-0.320,1.3000,3.420,22.00,2.57,62.34,2.400,22.0,3.69,pier-left
197,286.37,wordless,travel,-0.320,1.3000,3.420,22.00,2.27,61.81,2.400,22.0,3.69,pier-left
198,287.82,wordless,travel,-0.320,1.3000,3.420,22.39,1.91,61.17,2.400,22.4,3.70,pier-left
199,289.27,wordless,travel,-0.320,1.3000,3.420,27.50,1.49,60.42,2.400,27.5,3.86,pier-left
200,290.73,wordless,travel,-0.320,1.3000,3.420,44.00,1.01,59.58,2.400,44.0,4.75,pier-left
201,292.18,wordless,travel,-0.320,1.3000,3.420,61.97,0.59,58.83,2.400,62.0,7.28,nbrL-pier-b
202,293.63,wordless,travel,-0.320,1.3000,3.420,67.92,0.23,58.19,2.400,67.9,8.97,nbrL-shutter
203,295.09,wordless,travel,-0.311,1.2994,3.400,68.50,-0.07,57.66,2.400,68.5,9.14,nbrL-shutter
204,296.54,wordless,travel,-0.272,1.2969,3.307,68.50,-0.31,57.22,2.400,68.5,8.89,nbrL-shutter
205,297.99,wordless,travel,-0.179,1.2907,3.085,68.50,-0.51,56.87,2.400,68.5,8.28,nbrL-shutter
206,299.45,wordless,travel,-0.008,1.2794,2.679,68.50,-0.67,56.59,2.400,68.5,7.31,nbrL-pier-b
207,300.90,wordless,travel,0.265,1.2615,2.032,68.50,-0.79,56.38,2.400,68.5,5.54,pier-left
208,302.36,wordless,travel,0.626,1.2377,1.176,68.50,-0.87,56.22,2.400,68.5,3.21,pier-left
209,303.81,wordless,travel,0.894,1.2200,0.539,68.50,-0.93,56.12,2.400,68.5,9.02,wall-left-0
210,305.26,wordless,travel,1.062,1.2090,0.142,68.50,-0.97,56.05,2.400,68.5,9.20,wall-left-0
211,306.72,wordless,travel,1.153,1.2030,-0.074,68.50,-0.99,56.02,2.400,68.5,9.30,wall-left-0
212,308.17,wordless,travel,1.190,1.2005,-0.163,68.50,-1.00,56.00,2.400,68.5,9.34,wall-left-0
213,309.62,wordless,travel,1.198,1.2000,-0.181,68.50,-1.00,56.00,2.400,68.5,9.35,wall-left-0
214,311.08,wordless,dwell,1.198,1.2000,-0.181,68.50,-1.00,56.00,2.400,68.5,9.35,wall-left-0
215,312.53,wordless,dwell,1.198,1.2000,-0.181,68.50,-1.00,56.00,2.400,68.5,9.35,wall-left-0
216,313.98,wordless,dwell,1.198,1.2000,-0.182,68.50,-1.00,56.00,2.400,68.5,9.35,wall-left-0
217,315.44,wordless,dwell,1.198,1.2000,-0.182,68.50,-1.00,56.00,2.400,68.5,9.35,wall-left-0
218,316.89,wordless,dwell,1.198,1.2000,-0.182,68.50,-1.00,56.00,2.400,68.5,9.35,wall-left-0
219,318.35,wordless,dwell,1.198,1.2000,-0.182,68.51,-1.00,56.00,2.400,68.5,9.35,wall-left-0
220,319.80,wordless,dwell,1.198,1.2000,-0.182,68.51,-1.00,56.00,2.400,68.5,9.35,wall-left-0
221,321.25,wordless,dwell,1.198,1.2000,-0.183,68.51,-1.00,56.00,2.400,68.5,9.35,wall-left-0
222,322.71,wordless,dwell,1.198,1.2000,-0.183,68.51,-1.00,56.00,2.400,68.5,9.35,wall-left-0
223,324.16,wordless,dwell,1.198,1.2000,-0.184,68.52,-1.00,56.00,2.400,68.5,9.35,wall-left-0
224,325.61,wordless,dwell,1.198,1.2000,-0.184,68.52,-1.00,56.00,2.400,68.5,9.35,wall-left-0
225,327.07,wordless,dwell,1.198,1.2000,-0.184,68.53,-1.00,56.00,2.400,68.5,9.35,wall-left-0
226,328.52,wordless,dwell,1.198,1.2000,-0.185,68.53,-1.00,56.00,2.400,68.5,9.35,wall-left-0
227,329.97,wordless,dwell,1.198,1.2000,-0.186,68.54,-1.00,56.00,2.400,68.5,9.35,wall-left-0
228,331.43,wordless,dwell,1.198,1.2000,-0.186,68.54,-1.00,56.00,2.400,68.5,9.35,wall-left-0
229,332.88,wordless,dwell,1.198,1.2000,-0.187,68.55,-1.00,56.00,2.400,68.5,9.35,wall-left-0
230,334.34,wordless,dwell,1.198,1.2000,-0.188,68.55,-1.00,56.00,2.400,68.6,9.35,wall-left-0
231,335.79,wordless,dwell,1.198,1.2000,-0.188,68.56,-1.00,56.00,2.400,68.6,9.35,wall-left-0
232,337.24,wordless,dwell,1.198,1.2000,-0.189,68.56,-1.00,56.00,2.400,68.6,9.34,wall-left-0
233,338.70,wordless,dwell,1.198,1.2000,-0.190,68.57,-1.00,56.00,2.400,68.6,9.34,wall-left-0
234,340.15,wordless,dwell,1.198,1.2000,-0.190,68.58,-1.00,56.00,2.400,68.6,9.34,wall-left-0
235,341.60,wordless,dwell,1.198,1.2000,-0.191,68.58,-1.00,56.00,2.400,68.6,9.34,wall-left-0
236,343.06,wordless,dwell,1.198,1.2000,-0.192,68.59,-1.00,56.00,2.400,68.6,9.34,wall-left-0
237,344.51,wordless,dwell,1.198,1.2000,-0.193,68.60,-1.00,56.00,2.400,68.6,9.34,wall-left-0
238,345.96,wordless,dwell,1.198,1.2000,-0.194,68.60,-1.00,56.00,2.400,68.6,9.34,wall-left-0
239,347.42,wordless,dwell,1.198,1.2000,-0.195,68.61,-1.00,56.00,2.400,68.6,9.34,wall-left-0
240,348.87,wordless,dwell,1.198,1.2000,-0.196,68.62,-1.00,56.00,2.400,68.6,9.34,wall-left-0
241,350.33,wordless,dwell,1.198,1.2000,-0.196,68.63,-1.00,56.00,2.400,68.6,9.34,wall-left-0
242,351.78,wordless,dwell,1.198,1.2000,-0.197,68.63,-1.00,56.00,2.400,68.6,9.34,wall-left-0
243,353.23,wordless,dwell,1.198,1.2000,-0.198,68.64,-1.00,56.00,2.400,68.6,9.34,wall-left-0
244,354.69,wordless,dwell,1.198,1.2000,-0.199,68.65,-1.00,56.00,2.400,68.6,9.34,wall-left-0
245,356.14,wordless,dwell,1.198,1.2000,-0.200,68.66,-1.00,56.00,2.400,68.7,9.34,wall-left-0
246,357.59,wordless,dwell,1.198,1.2000,-0.201,68.66,-1.00,56.00,2.400,68.7,9.34,wall-left-0
247,359.05,wordless,dwell,1.198,1.2000,-0.202,68.67,-1.00,56.00,2.400,68.7,9.34,wall-left-0
248,360.50,wordless,dwell,1.198,1.2000,-0.203,68.68,-1.00,56.00,2.400,68.7,9.34,wall-left-0
249,361.95,wordless,dwell,1.198,1.2000,-0.204,68.69,-1.00,56.00,2.400,68.7,9.34,wall-left-0
250,363.41,wordless,dwell,1.198,1.2000,-0.205,68.69,-1.00,56.00,2.400,68.7,9.34,wall-left-0
251,364.86,wordless,dwell,1.198,1.2000,-0.205,68.70,-1.00,56.00,2.400,68.7,9.34,wall-left-0
252,366.32,wordless,dwell,1.198,1.2000,-0.206,68.71,-1.00,56.00,2.400,68.7,9.34,wall-left-0
253,367.77,wordless,dwell,1.198,1.2000,-0.207,68.71,-1.00,56.00,2.400,68.7,9.33,wall-left-0
254,369.22,wordless,dwell,1.198,1.2000,-0.208,68.72,-1.00,56.00,2.400,68.7,9.33,wall-left-0
255,370.68,wordless,dwell,1.198,1.2000,-0.209,68.73,-1.00,56.00,2.400,68.7,9.33,wall-left-0
256,372.13,wordless,dwell,1.198,1.2000,-0.210,68.73,-1.00,56.00,2.400,68.7,9.33,wall-left-0
257,373.58,wordless,dwell,1.198,1.2000,-0.210,68.74,-1.00,56.00,2.400,68.7,9.33,wall-left-0
258,375.04,wordless,dwell,1.198,1.2000,-0.211,68.75,-1.00,56.00,2.400,68.7,9.33,wall-left-0
259,376.49,wordless,dwell,1.198,1.2000,-0.212,68.75,-1.00,56.00,2.400,68.8,9.33,wall-left-0
260,377.94,wordless,dwell,1.198,1.2000,-0.212,68.76,-1.00,56.00,2.400,68.8,9.33,wall-left-0
261,379.40,wordless,dwell,1.198,1.2000,-0.213,68.76,-1.00,56.00,2.400,68.8,9.33,wall-left-0
262,380.85,wordless,dwell,1.198,1.2000,-0.214,68.77,-1.00,56.00,2.400,68.8,9.33,wall-left-0
263,382.31,wordless,dwell,1.198,1.2000,-0.214,68.77,-1.00,56.00,2.400,68.8,9.33,wall-left-0
264,383.76,wordless,dwell,1.198,1.2000,-0.215,68.78,-1.00,56.00,2.400,68.8,9.33,wall-left-0
265,385.21,wordless,dwell,1.198,1.2000,-0.215,68.78,-1.00,56.00,2.400,68.8,9.33,wall-left-0
266,386.67,wordless,dwell,1.198,1.2000,-0.216,68.78,-1.00,56.00,2.400,68.8,9.33,wall-left-0
267,388.12,wordless,dwell,1.198,1.2000,-0.216,68.79,-1.00,56.00,2.400,68.8,9.33,wall-left-0
268,389.57,wordless,dwell,1.198,1.2000,-0.216,68.79,-1.00,56.00,2.400,68.8,9.33,wall-left-0
269,391.03,wordless,dwell,1.198,1.2000,-0.217,68.79,-1.00,56.00,2.400,68.8,9.33,wall-left-0
270,392.48,wordless,dwell,1.198,1.2000,-0.217,68.79,-1.00,56.00,2.400,68.8,9.33,wall-left-0
271,393.93,wordless,dwell,1.198,1.2000,-0.217,68.80,-1.00,56.00,2.400,68.8,9.33,wall-left-0
272,395.39,wordless,dwell,1.198,1.2000,-0.217,68.80,-1.00,56.00,2.400,68.8,9.33,wall-left-0
273,396.84,wordless,dwell,1.198,1.2000,-0.217,68.80,-1.00,56.00,2.400,68.8,9.33,wall-left-0
274,398.30,wordless,dwell,1.198,1.2000,-0.217,68.80,-1.00,56.00,2.400,68.8,9.33,wall-left-0
275,399.75,wordless,dwell,1.198,1.2000,-0.217,68.80,-1.00,56.00,2.400,68.8,9.33,wall-left-0
276,401.20,why,travel,1.198,1.2000,-0.217,68.80,-1.00,56.00,2.400,68.8,9.33,wall-left-0
277,402.66,why,travel,1.198,1.2000,-0.218,68.80,-1.00,56.01,2.400,68.8,9.33,wall-left-0
278,404.11,why,travel,1.198,1.2000,-0.218,68.80,-0.99,56.02,2.400,68.8,9.33,wall-left-0
279,405.56,why,travel,1.199,1.2000,-0.218,68.80,-0.97,56.05,2.400,68.8,9.33,wall-left-0
280,407.02,why,travel,1.199,1.2000,-0.219,68.81,-0.95,56.11,2.400,68.8,9.33,wall-left-0
281,408.47,why,travel,1.200,1.2000,-0.221,68.81,-0.91,56.19,2.400,68.8,9.33,wall-left-0
282,409.92,why,travel,1.202,1.2000,-0.223,68.82,-0.85,56.30,2.400,68.8,9.33,wall-left-0
283,411.38,why,travel,1.203,1.2000,-0.226,68.83,-0.78,56.45,2.400,68.8,9.33,wall-left-0
284,412.83,why,travel,1.205,1.2000,-0.230,68.84,-0.68,56.64,2.400,68.8,9.34,wall-left-0
285,414.29,why,travel,1.208,1.2000,-0.234,68.85,-0.56,56.89,2.400,68.9,9.34,wall-left-0
286,415.74,why,travel,1.212,1.2000,-0.240,68.87,-0.41,57.19,2.400,68.9,9.34,wall-left-0
287,417.19,why,travel,1.216,1.2000,-0.247,68.89,-0.23,57.55,2.400,68.9,9.34,wall-left-0
288,418.65,why,travel,1.221,1.2000,-0.255,68.92,-0.01,57.98,2.400,68.9,9.35,wall-left-0
289,420.10,why,travel,1.226,1.2000,-0.264,68.94,0.24,58.48,2.400,68.9,9.35,wall-left-0
290,421.55,why,travel,1.233,1.2000,-0.275,68.98,0.53,59.05,2.400,69.0,9.36,wall-left-0
291,423.01,why,travel,1.241,1.2000,-0.287,69.02,0.86,59.71,2.400,69.0,9.36,wall-left-0
292,424.46,why,travel,1.249,1.2000,-0.301,69.06,1.23,60.46,2.400,69.1,9.37,wall-left-0
293,425.91,why,travel,1.259,1.2000,-0.317,69.11,1.65,61.31,2.400,69.1,9.38,wall-left-0
294,427.37,why,travel,1.270,1.2000,-0.335,69.16,2.12,62.24,2.400,69.2,9.38,wall-left-0
295,428.82,why,travel,1.280,1.2000,-0.351,69.22,2.57,63.13,2.400,69.2,9.39,wall-left-0
296,430.28,why,travel,1.289,1.2000,-0.366,69.26,2.96,63.93,2.400,69.3,9.40,wall-left-0
297,431.73,why,travel,1.297,1.2000,-0.380,69.30,3.32,64.63,2.400,69.3,9.40,wall-left-0
298,433.18,why,travel,1.304,1.2000,-0.391,69.34,3.63,65.25,2.400,69.3,9.41,wall-left-0
299,434.64,why,travel,1.310,1.2000,-0.401,69.37,3.89,65.79,2.400,69.4,9.41,wall-left-0
300,436.09,why,travel,1.316,1.2000,-0.410,69.40,4.12,66.25,2.400,69.4,9.42,wall-left-0
301,437.54,why,travel,1.320,1.2000,-0.417,69.42,4.32,66.64,2.400,69.4,9.42,wall-left-0
302,439.00,why,travel,1.324,1.2000,-0.424,69.44,4.49,66.97,2.400,69.4,9.42,wall-left-0
303,440.45,why,travel,1.327,1.2000,-0.429,69.46,4.62,67.24,2.400,69.5,9.43,wall-left-0
304,441.90,why,travel,1.329,1.2000,-0.433,69.47,4.73,67.46,2.400,69.5,9.43,wall-left-0
305,443.36,why,travel,1.331,1.2000,-0.436,69.48,4.82,67.63,2.400,69.5,9.43,wall-left-0
306,444.81,why,travel,1.333,1.2000,-0.438,69.49,4.88,67.76,2.400,69.5,9.43,wall-left-0
307,446.27,why,travel,1.334,1.2000,-0.440,69.49,4.93,67.86,2.400,69.5,9.43,wall-left-0
308,447.72,why,travel,1.335,1.2000,-0.441,69.50,4.96,67.92,2.400,69.5,9.43,wall-left-0
309,449.17,why,travel,1.335,1.2000,-0.442,69.50,4.98,67.97,2.400,69.5,9.43,wall-left-0
310,450.63,why,travel,1.335,1.2000,-0.443,69.50,4.99,67.99,2.400,69.5,9.43,wall-left-0
311,452.08,why,travel,1.336,1.2000,-0.443,69.50,5.00,68.00,2.400,69.5,9.43,wall-left-0
312,453.53,why,travel,1.336,1.2000,-0.443,69.50,5.00,68.00,2.400,69.5,9.43,wall-left-0
313,454.99,why,dwell,1.336,1.2000,-0.443,69.50,5.00,68.00,2.400,69.5,9.43,wall-left-0
314,456.44,why,dwell,1.336,1.2000,-0.443,69.50,5.02,68.00,2.400,69.5,9.43,wall-left-0
315,457.89,why,dwell,1.336,1.2000,-0.443,69.50,5.04,68.00,2.400,69.5,9.43,wall-left-0
316,459.35,why,dwell,1.336,1.2000,-0.443,69.51,5.08,68.00,2.400,69.5,9.43,wall-left-0
317,460.80,why,dwell,1.336,1.2000,-0.443,69.51,5.12,68.00,2.400,69.5,9.43,wall-left-0
318,462.26,why,dwell,1.336,1.2000,-0.443,69.52,5.18,68.00,2.400,69.5,9.43,wall-left-0
319,463.71,why,dwell,1.336,1.2000,-0.443,69.53,5.25,68.00,2.400,69.5,9.43,wall-left-0
320,465.16,why,dwell,1.336,1.2000,-0.443,69.54,5.33,68.00,2.400,69.5,9.43,wall-left-0
321,466.62,why,dwell,1.336,1.2000,-0.443,69.55,5.42,68.00,2.400,69.5,9.43,wall-left-0
322,468.07,why,dwell,1.336,1.2000,-0.443,69.56,5.52,68.00,2.400,69.6,9.43,wall-left-0
323,469.52,why,dwell,1.336,1.2000,-0.443,69.57,5.63,68.00,2.400,69.6,9.43,wall-left-0
324,470.98,why,dwell,1.336,1.2000,-0.443,69.59,5.75,68.00,2.400,69.6,9.43,wall-left-0
325,472.43,why,dwell,1.336,1.2000,-0.443,69.60,5.88,68.00,2.400,69.6,9.43,wall-left-0
326,473.88,why,dwell,1.336,1.2000,-0.443,69.62,6.02,68.00,2.400,69.6,9.43,wall-left-0
327,475.34,why,dwell,1.336,1.2000,-0.443,69.64,6.17,68.00,2.400,69.6,9.42,wall-left-0
328,476.79,why,dwell,1.336,1.2000,-0.443,69.66,6.34,68.00,2.400,69.7,9.42,wall-left-0
329,478.25,why,dwell,1.336,1.2000,-0.443,69.68,6.51,68.00,2.400,69.7,9.42,wall-left-0
330,479.70,why,dwell,1.336,1.2000,-0.443,69.70,6.69,68.00,2.400,69.7,9.42,wall-left-0
331,481.15,why,dwell,1.336,1.2000,-0.443,69.72,6.87,68.00,2.400,69.7,9.42,wall-left-0
332,482.61,why,dwell,1.336,1.2000,-0.443,69.74,7.07,68.00,2.400,69.7,9.42,wall-left-0
333,484.06,why,dwell,1.336,1.2000,-0.443,69.77,7.28,68.00,2.400,69.8,9.42,wall-left-0
334,485.51,why,dwell,1.336,1.2000,-0.443,69.79,7.49,68.00,2.400,69.8,9.42,wall-left-0
335,486.97,why,dwell,1.336,1.2000,-0.443,69.82,7.71,68.00,2.400,69.8,9.41,wall-left-0
336,488.42,why,dwell,1.336,1.2000,-0.443,69.85,7.94,68.00,2.400,69.8,9.41,wall-left-0
337,489.87,why,dwell,1.336,1.2000,-0.443,69.87,8.18,68.00,2.400,69.9,9.41,wall-left-0
338,491.33,why,dwell,1.336,1.2000,-0.443,69.90,8.42,68.00,2.400,69.9,9.41,wall-left-0
339,492.78,why,dwell,1.336,1.2000,-0.443,69.93,8.67,68.00,2.400,69.9,9.41,wall-left-0
340,494.24,why,dwell,1.336,1.2000,-0.443,69.96,8.93,68.00,2.400,70.0,9.40,wall-left-0
341,495.69,why,dwell,1.336,1.2000,-0.443,69.99,9.19,68.00,2.400,70.0,9.40,wall-left-0
342,497.14,why,dwell,1.336,1.2000,-0.443,70.02,9.46,68.00,2.400,70.0,9.40,wall-left-0
343,498.60,why,dwell,1.336,1.2000,-0.443,70.06,9.74,68.00,2.400,70.1,9.40,wall-left-0
344,500.05,why,dwell,1.336,1.2000,-0.443,70.09,10.01,68.00,2.400,70.1,9.40,wall-left-0
345,501.50,why,dwell,1.336,1.2000,-0.443,70.12,10.30,68.00,2.400,70.1,9.40,wall-left-0
346,502.96,why,dwell,1.336,1.2000,-0.443,70.16,10.58,68.00,2.400,70.2,9.39,wall-left-0
347,504.41,why,dwell,1.336,1.2000,-0.443,70.19,10.88,68.00,2.400,70.2,9.39,wall-left-0
348,505.86,why,dwell,1.336,1.2000,-0.443,70.23,11.17,68.00,2.400,70.2,9.39,wall-left-0
349,507.32,why,dwell,1.336,1.2000,-0.443,70.26,11.47,68.00,2.400,70.3,9.39,wall-left-0
350,508.77,why,dwell,1.336,1.2000,-0.443,70.30,11.77,68.00,2.400,70.3,9.39,wall-left-0
351,510.23,why,dwell,1.336,1.2000,-0.443,70.33,12.07,68.00,2.400,70.3,9.38,wall-left-0
352,511.68,why,dwell,1.336,1.2000,-0.443,70.37,12.38,68.00,2.400,70.4,9.38,wall-left-0
353,513.13,why,dwell,1.336,1.2000,-0.443,70.40,12.68,68.00,2.400,70.4,9.38,wall-left-0
354,514.59,why,dwell,1.336,1.2000,-0.443,70.44,12.99,68.00,2.400,70.4,9.38,wall-left-0
355,516.04,why,dwell,1.336,1.2000,-0.443,70.48,13.30,68.00,2.400,70.5,9.37,wall-left-0
356,517.49,why,dwell,1.336,1.2000,-0.443,70.51,13.60,68.00,2.400,70.5,9.37,wall-left-0
357,518.95,why,dwell,1.336,1.2000,-0.443,70.55,13.91,68.00,2.400,70.5,9.37,wall-left-0
358,520.40,why,dwell,1.336,1.2000,-0.443,70.58,14.22,68.00,2.400,70.6,9.37,wall-left-0
359,521.85,why,dwell,1.336,1.2000,-0.443,70.62,14.53,68.00,2.400,70.6,9.37,wall-left-0
360,523.31,why,dwell,1.336,1.2000,-0.443,70.66,14.83,68.00,2.400,70.7,9.36,wall-left-0
361,524.76,why,dwell,1.336,1.2000,-0.443,70.69,15.13,68.00,2.400,70.7,9.36,wall-left-0
362,526.22,why,dwell,1.336,1.2000,-0.443,70.73,15.44,68.00,2.400,70.7,9.36,wall-left-0
363,527.67,why,dwell,1.336,1.2000,-0.443,70.76,15.73,68.00,2.400,70.8,9.36,wall-left-0
364,529.12,why,dwell,1.336,1.2000,-0.443,70.80,16.03,68.00,2.400,70.8,9.36,wall-left-0
365,530.58,why,dwell,1.336,1.2000,-0.443,70.83,16.32,68.00,2.400,70.8,9.35,wall-left-0
366,532.03,why,dwell,1.336,1.2000,-0.443,70.87,16.61,68.00,2.400,70.9,9.35,wall-left-0
367,533.48,why,dwell,1.336,1.2000,-0.443,70.90,16.90,68.00,2.400,70.9,9.35,wall-left-0
368,534.94,why,dwell,1.336,1.2000,-0.443,70.93,17.18,68.00,2.400,70.9,9.35,wall-left-0
369,536.39,why,dwell,1.336,1.2000,-0.443,70.96,17.45,68.00,2.400,71.0,9.35,wall-left-0
370,537.84,why,dwell,1.336,1.2000,-0.443,71.00,17.72,68.00,2.400,71.0,9.34,wall-left-0
371,539.30,why,dwell,1.336,1.2000,-0.443,71.03,17.99,68.00,2.400,71.0,9.34,wall-left-0
372,540.75,why,dwell,1.336,1.2000,-0.443,71.06,18.24,68.00,2.400,71.1,9.34,wall-left-0
373,542.21,why,dwell,1.336,1.2000,-0.443,71.09,18.50,68.00,2.400,71.1,9.34,wall-left-0
374,543.66,why,dwell,1.336,1.2000,-0.443,71.12,18.74,68.00,2.400,71.1,9.34,wall-left-0
375,545.11,why,dwell,1.336,1.2000,-0.443,71.14,18.98,68.00,2.400,71.1,9.34,wall-left-0
376,546.57,why,dwell,1.336,1.2000,-0.443,71.17,19.21,68.00,2.400,71.2,9.34,wall-left-0
377,548.02,why,dwell,1.336,1.2000,-0.443,71.20,19.44,68.00,2.400,71.2,9.33,wall-left-0
378,549.47,why,dwell,1.336,1.2000,-0.443,71.22,19.65,68.00,2.400,71.2,9.33,wall-left-0
379,550.93,why,dwell,1.336,1.2000,-0.443,71.25,19.86,68.00,2.400,71.2,9.33,wall-left-0
380,552.38,why,dwell,1.336,1.2000,-0.443,71.27,20.06,68.00,2.400,71.3,9.33,wall-left-0
381,553.83,why,dwell,1.336,1.2000,-0.443,71.29,20.25,68.00,2.400,71.3,9.33,wall-left-0
382,555.29,why,dwell,1.336,1.2000,-0.443,71.32,20.44,68.00,2.400,71.3,9.33,wall-left-0
383,556.74,why,dwell,1.336,1.2000,-0.443,71.34,20.61,68.00,2.400,71.3,9.33,wall-left-0
384,558.20,why,dwell,1.336,1.2000,-0.443,71.36,20.77,68.00,2.400,71.4,9.32,wall-left-0
385,559.65,why,dwell,1.336,1.2000,-0.443,71.37,20.93,68.00,2.400,71.4,9.32,wall-left-0
386,561.10,why,dwell,1.336,1.2000,-0.443,71.39,21.07,68.00,2.400,71.4,9.32,wall-left-0
387,562.56,why,dwell,1.336,1.2000,-0.443,71.41,21.21,68.00,2.400,71.4,9.32,wall-left-0
388,564.01,why,dwell,1.336,1.2000,-0.443,71.42,21.33,68.00,2.400,71.4,9.32,wall-left-0
389,565.46,why,dwell,1.336,1.2000,-0.443,71.44,21.45,68.00,2.400,71.4,9.32,wall-left-0
390,566.92,why,dwell,1.336,1.2000,-0.443,71.45,21.55,68.00,2.400,71.4,9.32,wall-left-0
391,568.37,why,dwell,1.336,1.2000,-0.443,71.46,21.65,68.00,2.400,71.5,9.32,wall-left-0
392,569.82,why,dwell,1.336,1.2000,-0.443,71.47,21.73,68.00,2.400,71.5,9.32,wall-left-0
393,571.28,why,dwell,1.336,1.2000,-0.443,71.48,21.80,68.00,2.400,71.5,9.32,wall-left-0
394,572.73,why,dwell,1.336,1.2000,-0.443,71.48,21.86,68.00,2.400,71.5,9.32,wall-left-0
395,574.19,why,dwell,1.336,1.2000,-0.443,71.49,21.91,68.00,2.400,71.5,9.32,wall-left-0
396,575.64,why,dwell,1.336,1.2000,-0.443,71.49,21.95,68.00,2.400,71.5,9.32,wall-left-0
397,577.09,why,dwell,1.336,1.2000,-0.443,71.50,21.98,68.00,2.400,71.5,9.32,wall-left-0
398,578.55,why,dwell,1.336,1.2000,-0.443,71.50,21.99,68.00,2.400,71.5,9.32,wall-left-0
399,580.00,why,dwell,1.336,1.2000,-0.443,71.50,22.00,68.00,2.400,71.5,9.32,wall-left-0
